,index,sex,age,address,famsize,Pstatus,Medu,Fedu,Mjob,Fjob,reason,guardian,traveltime,studytime,failures,schoolsup,famsup,paid,activities,nursery,higher,internet,romantic,famrel,freetime,goout,Dalc,Walc,health,absences,G1,G2,G3,GradeAvg,result
0,0,1,1,0,1,0,4,4,0,3,1,,2,2,0,0,1,1,1,0,0,0,1,4,3,4,1,1,3,0,5,6,6,5.666666666666667,0
1,1,1,1,0,1,1,1,1,0,5,1,,1,2,0,1,0,1,1,1,0,1,1,5,3,3,1,1,3,0,5,5,6,5.333333333333333,0
2,2,1,0,0,0,1,1,1,0,5,3,,1,2,3,0,1,0,1,0,0,1,1,4,3,2,2,3,3,0,7,8,10,8.333333333333334,1
3,3,1,0,0,1,1,4,2,1,4,2,,1,3,0,1,0,0,0,0,0,1,0,3,2,2,1,1,5,0,15,14,15,14.666666666666666,1
4,4,1,0,0,1,1,3,3,5,5,2,,1,2,0,1,0,0,1,0,0,0,1,4,3,2,1,2,5,0,6,10,10,8.666666666666666,1
5,5,0,0,0,0,1,4,3,4,5,0,,1,2,0,1,0,0,0,0,0,1,1,5,4,2,1,2,5,0,15,15,15,15.0,1
6,6,0,0,0,0,1,2,2,5,5,2,,1,2,0,1,1,1,1,0,0,1,1,4,4,4,1,1,3,0,12,12,11,11.666666666666666,1
7,7,1,1,0,1,0,4,4,5,3,2,,2,2,0,0,0,1,1,0,0,0,1,4,1,4,1,1,1,0,6,5,6,5.666666666666667,0
8,8,0,0,0,0,0,3,2,4,5,2,,1,2,0,1,0,0,1,0,0,1,1,4,2,2,1,1,1,0,16,18,19,17.666666666666668,1
9,9,0,0,0,1,1,3,4,5,5,2,,1,2,0,1,0,0,0,0,0,1,1,5,5,1,1,1,5,0,14,15,15,14.666666666666666,1
10,10,1,0,0,1,1,4,4,3,1,0,,1,2,0,1,0,0,1,0,0,1,1,3,3,3,1,2,2,0,10,8,9,9.0,1
11,11,1,0,0,1,1,2,1,4,5,0,,3,3,0,1,0,1,0,0,0,1,1,5,2,2,1,1,4,0,10,12,12,11.333333333333334,1
12,12,0,0,0,0,1,4,4,1,4,1,,1,1,0,1,0,0,0,0,0,1,1,4,3,3,1,3,5,0,14,14,14,14.0,1
13,13,0,0,0,1,1,4,3,3,5,1,,2,2,0,1,0,0,1,0,0,1,1,5,4,3,1,2,3,0,10,10,11,10.333333333333334,1
14,14,0,0,0,1,0,2,2,5,5,2,,1,3,0,1,0,1,1,0,0,1,0,4,5,2,1,1,3,0,14,16,16,15.333333333333334,1
15,15,1,0,0,1,1,4,4,1,5,2,,1,1,0,1,0,1,1,0,0,1,1,4,4,4,1,2,2,0,14,14,14,14.0,1
16,16,1,0,0,1,1,4,4,4,4,0,,1,3,0,1,0,0,0,0,0,1,1,3,2,3,1,2,2,0,13,14,14,13.666666666666666,1
17,17,1,0,0,1,1,3,3,5,5,0,,3,2,0,0,0,1,0,0,0,0,1,5,3,2,1,1,4,0,8,10,10,9.333333333333334,1
18,18,0,1,0,1,1,3,2,4,4,1,,1,1,3,1,0,1,0,0,0,1,1,5,5,5,2,4,5,1,6,5,5,5.333333333333333,0
19,19,0,0,0,0,1,4,3,1,5,2,,1,1,0,1,1,0,0,0,0,1,1,3,1,3,1,3,5,0,8,10,10,9.333333333333334,1
20,20,0,0,0,1,1,4,3,3,5,0,,1,2,0,1,1,1,1,0,0,1,1,4,4,1,1,1,1,0,13,14,15,14.0,1
21,21,0,0,0,1,1,4,4,1,1,3,,1,1,0,1,0,0,1,0,0,1,1,5,4,2,1,1,5,0,12,15,15,14.0,1
22,22,0,0,0,0,1,4,2,3,5,1,,1,2,0,1,1,1,0,0,0,1,1,4,5,1,1,3,5,0,15,15,16,15.333333333333334,1
23,23,0,0,0,0,1,2,2,5,5,0,,2,2,0,1,0,1,0,0,0,1,1,5,4,4,2,4,5,0,13,13,12,12.666666666666666,1
24,24,1,0,1,1,1,2,4,4,1,1,,1,3,0,0,0,0,0,0,0,1,1,4,3,2,1,1,5,0,10,9,8,9.0,1
25,25,1,0,0,1,1,2,2,4,4,2,,1,1,2,1,0,0,1,1,0,1,1,1,2,2,1,3,5,1,6,9,8,7.666666666666667,0
26,26,0,0,0,1,1,2,2,5,5,2,,1,1,0,1,0,0,1,0,0,1,1,4,2,2,1,2,5,0,12,12,11,11.666666666666666,1
27,27,0,0,0,1,1,4,2,1,4,3,,1,1,0,1,1,0,1,0,0,1,1,2,2,4,2,4,1,0,15,16,15,15.333333333333334,1
28,28,0,0,0,0,0,3,4,4,5,2,,1,2,0,0,0,1,0,0,0,1,1,5,3,3,1,1,5,0,11,11,11,11.0,1
29,29,0,0,0,1,1,4,4,3,3,2,,1,2,0,1,0,0,0,0,0,1,0,4,4,5,5,5,5,1,10,12,11,11.0,1
30,30,0,0,0,1,1,4,4,1,4,2,,1,2,0,1,0,0,1,1,0,1,1,5,4,2,3,4,5,0,9,11,12,10.666666666666666,1
31,31,0,0,0,1,1,4,4,4,4,0,,2,2,0,1,0,1,0,0,0,1,1,4,3,1,1,1,5,0,17,16,17,16.666666666666668,1
32,32,0,0,1,1,1,4,3,3,0,1,,1,2,0,1,0,1,0,0,0,1,0,4,5,2,1,1,5,0,17,16,16,16.333333333333332,1
33,33,0,0,0,0,1,3,3,5,5,1,,1,2,0,1,1,1,0,1,0,1,1,5,3,2,1,1,2,0,8,10,12,10.0,1
34,34,0,0,0,1,1,3,2,5,5,2,,1,1,0,1,0,0,1,1,0,1,1,5,4,3,1,1,5,0,12,14,15,13.666666666666666,1
35,35,1,0,0,1,1,2,3,5,5,3,,2,1,0,1,0,1,0,0,0,0,1,3,5,1,1,1,5,0,8,7,6,7.0,0
36,36,0,0,0,0,1,4,3,3,4,2,,1,3,0,1,0,1,0,0,0,1,1,5,4,3,1,1,4,0,15,16,18,16.333333333333332,1
37,37,0,0,1,1,0,4,4,5,3,0,,2,3,0,1,0,1,0,0,0,1,0,2,4,3,1,1,5,0,15,16,15,15.333333333333334,1
38,38,1,0,1,1,1,3,4,4,1,1,,1,3,0,0,0,0,0,0,0,1,1,4,3,2,1,1,5,0,12,12,11,11.666666666666666,1
39,39,1,0,1,1,1,2,2,0,5,0,,1,1,0,0,0,0,0,0,0,0,1,4,3,1,1,1,2,0,14,13,13,13.333333333333334,1
40,40,1,0,0,0,1,2,2,5,5,2,,2,2,1,1,0,1,0,1,0,1,0,3,3,3,1,2,3,2,7,10,11,9.333333333333334,1
41,41,0,0,0,0,1,4,4,3,5,2,,1,1,0,1,0,1,1,1,0,1,0,5,4,3,2,4,5,0,12,12,12,12.0,1
42,42,0,0,0,1,1,4,4,4,3,1,,1,2,0,1,0,1,0,0,0,1,1,4,3,3,1,1,5,0,19,18,18,18.333333333333332,1
43,43,0,0,0,1,1,2,2,4,4,1,,1,1,0,0,0,1,1,0,0,1,1,5,4,1,1,1,1,0,8,8,11,9.0,1
44,44,1,0,0,0,1,2,2,5,0,1,,2,2,1,0,1,1,0,0,0,1,1,4,3,3,2,2,5,1,10,10,9,9.666666666666666,1
45,45,1,0,0,0,0,4,3,5,5,1,,1,2,0,0,0,0,0,0,0,1,0,5,2,2,1,1,5,0,8,8,6,7.333333333333333,0
46,46,1,0,0,0,0,3,3,5,4,2,,1,2,0,1,0,1,1,0,0,1,1,2,3,5,1,4,3,1,11,12,11,11.333333333333334,1
47,47,0,0,0,1,1,4,3,1,4,0,,1,4,0,1,1,1,0,0,0,1,1,4,2,2,1,1,2,0,19,19,20,19.333333333333332,1
48,48,0,0,0,1,1,4,2,3,5,2,,1,2,0,1,0,0,1,0,0,0,1,4,3,3,2,2,5,0,15,15,14,14.666666666666666,1
49,49,1,0,0,1,1,4,4,4,3,3,,1,2,1,0,0,1,0,1,0,1,1,4,4,4,1,1,3,0,7,7,7,7.0,0
50,50,1,0,0,0,1,2,2,4,4,1,,3,2,0,1,0,0,1,0,0,1,1,4,3,3,2,3,4,0,12,13,13,12.666666666666666,1
51,51,1,0,0,0,1,4,2,1,5,3,,1,2,0,1,0,0,1,0,0,1,1,4,3,3,1,1,5,0,11,13,13,12.333333333333334,1
52,52,0,0,0,0,0,4,2,1,1,3,,2,1,1,1,1,1,1,0,0,0,1,5,5,5,3,4,5,0,11,11,10,10.666666666666666,1
53,53,1,0,0,1,1,4,4,4,4,1,,1,1,0,0,0,0,1,0,0,1,1,3,3,4,2,3,5,0,8,10,11,9.666666666666666,1
54,54,1,0,0,0,0,3,3,5,5,3,,1,1,0,1,1,0,1,0,0,1,1,5,3,4,4,4,1,0,10,13,13,12.0,1
55,55,1,0,0,1,0,2,1,5,5,3,,1,2,0,1,1,0,0,0,0,1,0,5,3,4,1,1,2,0,8,9,10,9.0,1
56,56,1,0,0,1,0,4,3,4,4,0,,1,2,0,1,0,0,0,0,0,1,1,4,3,2,1,1,1,0,14,15,15,14.666666666666666,1
57,57,0,0,0,1,1,4,4,3,1,0,,1,2,0,1,0,1,0,0,0,0,1,3,2,2,1,1,5,0,14,15,15,14.666666666666666,1
58,58,0,0,0,0,1,1,2,5,0,2,,1,2,0,0,0,1,0,0,0,1,1,4,3,2,1,1,5,0,9,10,9,9.333333333333334,1
59,59,1,0,0,1,1,4,2,4,5,1,,1,2,0,1,0,1,1,0,0,1,1,4,2,3,1,1,5,0,15,16,16,15.666666666666666,1
60,60,1,0,1,1,1,4,4,1,3,3,,1,2,0,1,0,1,0,0,0,0,1,2,4,4,2,3,4,0,10,11,11,10.666666666666666,1
61,61,1,0,0,1,1,1,1,4,4,1,,4,1,0,0,0,1,0,1,0,1,0,5,5,5,5,5,5,0,10,8,11,9.666666666666666,1
62,62,1,0,0,0,1,1,2,5,4,0,,1,2,0,0,1,1,0,0,0,1,1,4,4,3,1,1,1,0,8,10,9,9.0,1
63,63,1,0,0,1,1,4,3,3,1,2,,1,3,0,0,0,0,0,0,0,1,1,3,4,4,2,4,4,0,10,9,9,9.333333333333334,1
64,64,1,0,0,0,1,4,3,4,4,0,,1,2,0,0,1,1,0,0,0,1,0,4,4,4,2,4,2,0,10,10,10,10.0,1
65,65,1,0,0,0,1,4,3,3,4,1,,3,2,0,1,0,1,0,0,0,1,1,5,4,3,1,2,1,0,16,15,15,15.333333333333334,1
66,66,0,0,0,1,0,4,4,5,4,0,,1,4,0,1,0,1,0,1,0,1,0,1,3,3,5,5,3,0,13,13,12,12.666666666666666,1
67,67,1,0,0,1,1,3,1,4,5,1,,1,4,0,0,0,0,1,0,0,1,1,4,3,3,1,2,5,0,7,7,6,6.666666666666667,0
68,68,1,0,1,0,1,2,2,1,4,0,,2,2,0,0,0,0,1,0,0,1,1,4,1,3,1,3,4,0,8,9,8,8.333333333333334,1
69,69,1,0,1,0,1,3,1,5,5,0,,2,4,0,1,0,1,1,1,0,1,1,4,4,2,2,3,3,1,16,16,16,16.0,1
70,70,0,0,0,1,1,3,1,5,5,0,,2,4,0,1,0,0,1,0,0,1,1,4,3,2,1,1,5,0,13,15,15,14.333333333333334,1
71,71,0,0,0,1,1,4,2,5,5,1,,1,4,0,1,1,1,1,0,0,1,1,3,3,3,1,1,3,0,10,10,10,10.0,1
72,72,1,0,1,1,1,1,1,5,5,0,,1,2,2,0,0,1,1,1,0,1,0,3,3,4,2,4,5,0,8,6,5,6.333333333333333,0
73,73,0,0,0,1,1,3,1,5,5,0,,1,1,0,1,1,1,0,0,0,0,1,5,3,2,2,2,5,0,12,12,14,12.666666666666666,1
74,74,1,0,0,1,1,3,3,5,4,2,,1,2,0,0,0,0,0,0,0,1,1,4,3,3,2,4,5,2,11,12,11,11.333333333333334,1
75,75,0,0,0,1,1,4,3,3,5,2,,1,2,0,1,0,0,0,0,0,1,1,4,3,3,2,3,5,0,9,9,10,9.333333333333334,1
76,76,0,0,0,1,1,4,0,3,5,1,,2,4,0,1,1,1,0,0,0,1,1,3,4,3,1,1,1,0,11,11,10,10.666666666666666,1
77,77,1,0,0,1,1,2,2,5,5,0,,1,4,0,1,1,0,1,0,0,1,0,5,2,3,1,3,3,0,11,11,11,11.0,1
78,78,0,1,0,1,1,2,1,5,5,2,,2,1,3,0,0,1,0,0,1,1,1,4,5,1,1,1,3,0,8,8,10,8.666666666666666,1
79,79,1,0,0,1,1,3,4,0,5,1,,1,2,0,1,0,1,1,0,0,1,1,2,4,3,1,2,3,1,5,5,5,5.0,0
80,80,0,0,0,1,1,2,3,5,4,1,,1,1,0,0,0,0,0,1,0,1,0,3,2,2,1,3,3,0,10,12,12,11.333333333333334,1
81,81,0,0,0,1,1,2,3,5,5,2,,1,3,0,0,1,0,1,1,0,1,1,5,3,2,1,2,5,0,11,10,11,10.666666666666666,1
82,82,1,0,0,0,1,3,2,4,5,0,,1,2,0,1,0,0,1,0,0,1,1,4,4,4,1,1,5,0,7,6,6,6.333333333333333,0
83,83,0,0,0,0,1,2,2,4,4,2,,2,2,0,1,1,0,0,0,0,1,1,5,3,3,1,3,4,0,15,15,15,15.0,1
84,84,1,0,0,1,1,1,1,5,5,2,,1,2,0,1,0,1,0,1,0,1,1,4,3,2,2,3,4,0,9,10,10,9.666666666666666,1
85,85,1,0,0,1,1,4,4,4,4,0,,2,2,2,1,1,0,1,0,0,1,0,4,4,4,2,3,5,0,7,9,8,8.0,1
86,86,1,0,0,0,1,2,2,0,5,1,,1,2,0,1,0,1,1,0,0,0,1,4,3,4,1,2,2,0,8,7,6,7.0,0
87,87,1,0,0,1,1,4,2,5,5,0,,1,3,0,1,0,1,0,0,0,1,1,5,3,3,1,3,1,0,13,14,14,13.666666666666666,1
88,88,0,0,0,1,1,2,2,4,5,0,,2,2,1,1,1,0,0,1,0,1,1,4,4,2,1,1,3,1,11,10,10,10.333333333333334,1
89,89,0,0,0,0,0,4,4,3,1,0,,1,2,0,1,0,1,1,0,0,0,1,4,1,3,3,5,5,1,8,6,7,7.0,0
90,90,1,0,0,1,1,3,3,5,5,2,,1,3,0,1,0,0,1,0,0,1,0,4,3,3,1,3,4,0,7,7,8,7.333333333333333,0
91,91,1,0,0,1,1,4,3,4,5,0,,1,1,0,1,1,0,0,0,0,1,1,4,5,5,1,3,1,0,16,17,18,17.0,1
92,92,1,0,0,0,1,3,1,5,5,2,,1,2,0,0,0,1,1,0,0,0,1,3,3,3,2,3,2,0,7,6,6,6.333333333333333,0
93,93,1,0,0,1,1,4,2,3,4,2,,2,2,0,1,0,0,0,0,0,1,1,5,3,3,1,1,1,0,11,10,10,10.333333333333334,1
94,94,0,0,0,0,1,2,2,4,1,0,,1,4,0,1,0,1,0,0,0,1,1,4,3,4,1,1,4,0,11,13,14,12.666666666666666,1
95,95,1,0,1,1,1,1,1,0,5,2,,2,4,1,0,0,0,0,0,0,1,1,3,1,2,1,1,1,0,7,10,10,9.0,1
96,96,0,0,1,1,1,4,3,4,5,0,,2,1,0,0,0,1,0,1,0,1,1,3,3,3,1,1,4,0,11,15,15,13.666666666666666,1
97,97,1,0,0,1,1,2,1,5,5,1,,1,2,0,1,0,0,1,0,0,0,0,4,3,5,1,1,5,0,8,9,10,9.0,1
98,98,1,0,0,1,1,4,4,5,5,0,,1,1,0,1,1,1,0,1,0,1,1,5,3,4,1,2,1,0,11,14,14,13.0,1
99,99,1,0,0,1,1,4,3,5,0,1,,1,3,0,0,0,0,1,0,0,1,1,5,3,5,1,1,3,0,7,9,8,8.0,1
100,100,0,0,0,1,1,4,4,4,4,3,,1,1,0,0,0,0,0,0,0,1,1,4,5,5,5,5,4,1,7,7,5,6.333333333333333,0
101,101,0,0,0,1,1,4,4,4,3,3,,1,3,0,1,0,1,0,0,0,1,0,4,4,3,1,1,4,0,16,17,17,16.666666666666668,1
102,102,0,0,0,1,1,4,4,4,5,1,,1,1,0,1,0,1,0,1,0,1,1,5,3,3,1,1,5,0,10,13,14,12.333333333333334,1
103,103,1,0,0,1,1,3,2,4,5,2,,2,2,0,0,0,0,1,0,0,1,1,4,3,5,1,1,2,2,7,6,6,6.333333333333333,0
104,104,0,0,0,1,0,3,4,4,5,1,,1,2,0,1,0,0,0,0,0,1,1,5,4,4,1,1,1,0,16,18,18,17.333333333333332,1
105,105,1,0,0,1,0,3,3,5,1,0,,1,4,0,0,1,1,1,0,0,0,1,4,3,3,1,1,4,0,10,11,11,10.666666666666666,1
106,106,1,0,0,1,1,2,2,5,5,1,,1,4,0,0,0,0,1,0,0,1,1,5,1,2,1,1,3,0,7,8,8,7.666666666666667,0
107,107,0,0,0,1,1,3,3,4,5,2,,1,3,0,1,0,1,0,0,0,1,1,5,3,3,1,1,5,0,16,18,18,17.333333333333332,1
108,108,0,0,1,1,1,4,4,5,5,2,,4,4,0,1,0,0,0,0,0,1,0,1,3,5,3,5,1,0,10,13,13,12.0,1
109,109,1,0,0,0,1,4,4,1,1,3,,1,3,0,1,0,0,0,0,0,1,0,5,4,5,1,1,4,0,14,15,16,15.0,1
110,110,0,0,0,0,0,4,4,3,3,1,,1,1,0,1,1,1,0,0,0,1,1,5,5,3,1,1,4,0,18,19,19,18.666666666666668,1
111,111,1,0,1,1,1,3,3,4,5,0,,1,3,1,0,0,1,0,0,0,1,1,4,1,2,1,1,2,0,7,10,10,9.0,1
112,112,1,0,0,1,1,2,2,0,5,2,,1,2,1,0,1,1,0,0,0,1,1,3,1,2,1,1,5,0,10,13,13,12.0,1
113,113,0,0,0,0,1,4,2,3,5,1,,1,1,0,1,1,1,1,0,0,1,1,3,5,2,1,1,3,0,18,19,19,18.666666666666668,1
114,114,0,0,1,1,1,2,1,1,4,0,,1,2,0,1,1,1,0,0,0,1,0,5,4,2,1,1,5,0,9,9,9,9.0,1
115,115,0,0,0,1,1,4,4,3,3,1,,1,2,0,1,0,1,0,0,0,1,1,5,4,4,1,2,5,0,15,15,16,15.333333333333334,1
116,116,0,0,0,1,1,4,4,5,3,0,,2,2,0,1,0,1,0,0,0,0,1,4,4,3,1,1,2,0,11,13,14,12.666666666666666,1
117,117,0,0,0,1,1,3,3,5,4,2,,2,1,0,1,1,1,0,0,0,1,1,5,4,2,1,1,5,0,13,14,13,13.333333333333334,1
118,118,0,1,1,1,1,1,3,5,5,1,,3,2,1,1,0,1,0,0,0,1,1,5,2,4,1,4,5,1,9,7,8,8.0,1
119,119,0,0,0,1,1,3,4,5,5,0,,1,1,0,1,1,1,1,0,0,1,1,3,4,3,1,2,4,0,14,13,13,13.333333333333334,1
120,120,1,0,0,1,1,1,2,0,4,1,,1,2,0,1,1,1,1,1,0,1,1,3,2,3,1,2,1,0,16,15,15,15.333333333333334,1
121,121,0,0,0,1,1,2,2,4,4,2,,1,4,0,1,0,0,0,0,0,1,1,5,5,4,1,2,5,0,16,14,15,15.0,1
122,122,1,0,0,0,1,2,4,5,1,1,,2,2,0,1,0,0,0,0,0,1,0,4,2,2,1,2,5,0,13,13,13,13.0,1
123,123,0,0,0,1,1,4,4,1,5,1,,1,1,0,1,0,1,0,0,0,1,1,3,4,4,1,4,5,1,14,11,13,12.666666666666666,1
124,124,1,0,0,1,1,2,2,5,5,2,,1,2,0,1,1,0,1,0,0,1,0,5,4,4,1,1,5,0,8,7,8,7.666666666666667,0
125,125,0,0,0,1,1,3,4,4,4,2,,1,1,0,0,1,1,1,0,0,1,1,5,5,5,3,2,5,0,13,13,12,12.666666666666666,1
126,126,1,0,0,0,0,3,4,5,5,2,,1,2,0,0,1,1,0,0,0,1,0,5,3,2,1,1,1,0,7,10,11,9.333333333333334,1
127,127,1,2,0,1,1,0,1,0,5,1,,1,2,3,1,0,1,1,1,1,0,1,3,4,2,1,1,5,0,7,8,9,8.0,1
128,128,0,1,1,1,1,2,2,4,5,0,,1,1,2,1,0,1,0,0,0,1,1,3,3,3,1,2,4,0,7,4,0,3.6666666666666665,0
129,129,0,0,1,1,1,4,4,3,3,1,,1,1,0,1,1,0,0,0,0,1,1,3,5,5,2,5,4,0,18,18,18,18.0,1
130,130,1,0,1,1,1,3,4,4,3,1,,2,3,2,1,0,1,1,0,0,1,0,4,2,2,2,2,5,0,12,0,0,4.0,0
131,131,1,0,0,1,1,1,1,0,5,1,,3,1,0,1,0,1,0,1,0,1,0,4,3,3,1,2,4,0,8,0,0,2.6666666666666665,0
132,132,1,1,0,0,1,2,2,5,5,1,,1,1,0,1,0,1,1,0,0,1,0,3,4,4,1,3,5,1,10,13,12,11.666666666666666,1
133,133,1,0,0,1,0,3,4,4,5,1,,1,1,0,1,1,1,1,0,0,1,1,3,2,1,1,4,5,1,12,11,11,11.333333333333334,1
134,134,0,0,1,1,1,3,4,0,3,1,,4,2,0,1,0,1,1,0,0,0,0,5,3,3,1,1,5,0,9,0,0,3.0,0
135,135,1,0,0,1,1,4,4,4,0,1,,1,3,0,1,0,1,0,0,0,1,0,4,3,3,1,1,5,0,11,0,0,3.6666666666666665,0
136,136,0,1,1,1,1,3,4,0,5,1,,3,2,0,1,1,1,1,0,0,0,1,5,4,5,2,4,5,0,10,0,0,3.3333333333333335,0
137,137,1,0,0,1,0,3,3,5,5,1,,2,1,2,1,0,1,0,1,0,1,0,4,3,2,1,1,5,0,4,0,0,1.3333333333333333,0
138,138,0,0,0,0,1,1,1,4,5,1,,1,2,1,1,1,1,1,0,0,0,0,4,4,4,1,3,5,0,14,12,12,12.666666666666666,1
139,139,1,0,0,1,1,4,4,3,3,1,,2,1,0,1,1,1,0,0,0,1,1,4,3,2,1,1,5,0,16,16,15,15.666666666666666,1
140,140,0,0,0,1,1,4,3,3,4,1,,2,4,0,0,0,1,1,0,0,1,1,2,2,2,1,1,3,0,7,9,0,5.333333333333333,0
141,141,0,0,0,0,1,2,2,4,4,0,,2,1,2,1,0,1,0,0,0,1,1,2,3,3,2,2,2,0,9,9,9,9.0,1
142,142,1,0,0,1,1,4,4,3,4,1,,1,3,0,1,0,0,0,0,0,1,1,4,2,2,1,1,5,0,9,11,11,10.333333333333334,1
143,143,1,0,0,0,1,1,1,0,0,1,,1,1,0,1,1,1,1,0,0,1,1,3,4,4,3,3,1,0,14,14,13,13.666666666666666,1
144,144,0,1,0,1,1,2,1,5,5,2,,1,1,3,1,0,1,1,0,0,1,1,5,4,5,1,2,5,0,5,0,0,1.6666666666666667,0
145,145,1,0,0,1,1,1,1,5,4,1,,1,2,0,1,0,0,1,0,0,1,1,4,4,2,1,2,5,0,8,11,11,10.0,1
146,146,1,0,0,1,1,3,2,1,4,2,,1,2,3,1,0,1,1,0,0,1,1,3,3,2,1,1,3,0,6,7,0,4.333333333333333,0
147,147,1,0,0,1,1,1,2,0,5,1,,1,2,0,1,0,0,1,1,0,1,1,4,3,2,1,1,5,0,10,11,11,10.666666666666666,1
148,148,0,0,0,1,1,4,4,3,3,1,,1,1,0,1,0,1,1,0,1,1,0,3,3,2,2,1,5,0,7,6,0,4.333333333333333,0
149,149,0,0,0,0,0,2,1,4,5,1,,4,1,3,1,1,1,1,0,0,1,1,4,5,5,2,5,5,0,8,9,10,9.0,1
150,150,0,1,0,0,1,1,1,5,5,1,,1,1,3,1,1,1,1,0,1,1,0,2,3,5,2,5,4,0,6,5,0,3.6666666666666665,0
151,151,0,0,0,0,1,2,1,0,5,1,,1,1,1,1,1,1,0,0,0,0,0,4,4,4,3,5,5,0,12,13,14,13.0,1
152,152,1,0,1,1,1,3,3,4,4,0,,2,3,2,1,0,0,0,0,0,1,0,4,2,1,2,3,3,0,10,10,10,10.0,1
153,153,0,2,0,1,1,3,2,4,0,2,,1,1,3,1,0,1,1,0,1,1,0,4,5,4,1,1,4,0,5,0,0,1.6666666666666667,0
154,154,1,1,0,1,1,4,4,5,3,1,,1,1,0,0,0,1,1,0,0,0,0,4,2,1,1,1,4,0,11,11,12,11.333333333333334,1
155,155,0,0,1,1,1,2,3,0,4,1,,1,2,0,0,1,0,0,0,0,0,1,4,4,4,1,1,1,0,11,8,8,9.0,1
156,156,0,1,1,0,1,1,2,5,5,0,,1,1,0,1,1,1,1,0,0,0,1,2,2,2,3,3,5,0,16,12,13,13.666666666666666,1
157,157,1,1,1,1,1,1,1,0,5,1,,3,1,3,1,0,1,0,1,0,0,1,5,2,5,1,5,4,0,9,8,10,9.0,1
158,158,0,0,1,1,1,2,2,0,5,1,,3,1,0,1,1,1,1,1,0,0,1,4,2,2,1,2,3,0,17,15,15,15.666666666666666,1
159,159,0,0,0,1,1,3,3,5,4,1,,1,2,1,1,0,0,1,0,0,1,0,4,5,5,4,4,5,0,10,12,12,11.333333333333334,1
160,160,0,1,1,0,1,2,1,0,5,1,,2,1,2,1,1,1,0,0,1,1,0,3,3,2,2,2,5,0,7,6,0,4.333333333333333,0
161,161,0,0,1,1,1,3,2,5,5,1,,2,2,2,0,0,1,1,0,0,1,0,4,4,4,1,4,3,0,5,9,7,7.0,0
162,162,0,0,0,0,1,1,2,5,5,1,,2,1,1,1,1,1,0,0,0,0,1,4,4,4,2,4,5,0,7,0,0,2.3333333333333335,0
163,163,0,1,0,1,1,1,3,0,4,1,,1,1,0,1,1,1,1,0,1,1,1,5,3,3,1,4,2,0,10,10,10,10.0,1
164,164,0,1,1,0,1,1,1,5,4,1,,4,2,3,1,1,1,0,0,1,0,0,5,3,5,1,5,5,0,5,8,7,6.666666666666667,0
165,165,0,0,0,1,1,3,2,4,4,1,,2,1,1,1,0,1,0,1,1,0,1,4,5,2,1,1,2,1,12,11,12,11.666666666666666,1
166,166,0,0,0,1,1,2,2,5,5,1,,1,2,0,1,1,1,1,0,1,1,1,4,3,5,2,4,4,0,10,10,10,10.0,1
167,167,1,0,0,1,1,4,2,1,4,2,,1,2,0,1,1,0,1,0,0,1,0,4,2,3,1,1,3,0,14,15,16,15.0,1
168,168,1,0,0,1,1,2,2,5,5,2,,1,2,0,1,0,0,1,1,0,1,1,5,1,5,1,1,4,0,6,7,0,4.333333333333333,0
169,169,1,0,0,1,1,4,4,1,1,0,,1,2,0,1,0,0,1,0,0,1,0,4,4,2,1,1,3,0,14,14,14,14.0,1
170,170,0,0,0,1,1,3,4,5,5,1,,3,1,2,1,0,1,0,1,0,1,1,3,4,5,2,4,2,0,6,5,0,3.6666666666666665,0
171,171,0,0,0,1,1,1,0,5,5,0,,2,2,0,1,0,0,0,0,0,1,0,4,3,2,1,1,3,0,13,15,16,14.666666666666666,1
172,172,0,1,0,0,1,4,4,3,5,0,,1,2,0,1,0,0,0,0,0,1,1,4,4,4,1,3,5,0,13,11,10,11.333333333333334,1
173,173,1,0,0,1,1,1,3,0,4,2,,1,2,3,1,1,1,0,1,0,1,0,4,3,5,1,1,3,0,8,7,0,5.0,0
174,174,1,0,0,0,1,3,3,5,5,0,,2,2,0,1,0,0,0,0,0,1,1,4,4,5,1,1,4,0,10,11,9,10.0,1
175,175,0,1,0,0,1,4,3,3,5,1,,2,2,0,1,1,0,0,0,0,1,1,4,4,4,4,4,4,0,10,9,9,9.333333333333334,1
176,176,1,0,0,1,1,2,2,4,5,0,,2,2,0,1,1,0,0,1,0,1,1,3,4,4,1,4,5,0,13,13,11,12.333333333333334,1
177,177,0,1,0,1,1,3,3,5,5,0,,1,2,0,1,1,1,0,1,0,1,1,4,3,4,1,4,4,0,6,5,6,5.666666666666667,0
178,178,0,0,1,1,1,4,2,3,4,3,,1,1,0,1,0,1,0,0,0,1,0,4,3,3,3,4,3,0,10,8,9,9.0,1
179,179,0,1,0,1,1,4,3,5,5,1,,1,2,0,1,0,1,0,0,0,1,0,5,2,3,1,1,2,0,10,10,11,10.333333333333334,1
180,180,0,0,0,1,1,4,3,3,5,2,,1,2,0,1,0,0,0,0,0,1,1,3,4,3,2,3,3,0,9,8,8,8.333333333333334,1
181,181,0,0,0,1,1,3,3,4,5,2,,1,2,0,1,1,0,0,0,0,1,0,4,2,3,1,2,3,0,12,13,12,12.333333333333334,1
182,182,1,1,0,1,1,2,4,4,4,0,,1,2,0,1,0,1,0,0,0,0,1,5,4,2,2,3,5,0,16,17,17,16.666666666666668,1
183,183,1,1,0,0,1,3,3,5,5,0,,1,2,0,1,0,1,0,0,0,1,0,5,3,3,2,3,1,2,9,9,8,8.666666666666666,1
184,184,1,0,0,1,1,3,2,5,5,0,,1,2,0,1,0,0,1,0,0,1,1,1,2,2,1,2,1,1,12,13,12,12.333333333333334,1
185,185,0,1,0,1,1,3,3,4,4,3,,1,2,0,1,0,1,0,0,0,1,0,4,3,4,2,3,4,1,12,12,11,11.666666666666666,1
186,186,0,0,0,1,1,1,2,4,4,3,,1,1,0,1,0,0,0,0,0,1,0,3,3,3,1,2,3,0,11,12,11,11.333333333333334,1
187,187,0,0,0,0,1,2,1,5,5,1,,1,2,0,1,1,0,0,0,0,1,0,4,2,3,1,2,5,0,15,15,15,15.0,1
188,188,1,1,0,1,0,3,3,1,5,0,,1,2,0,1,0,1,1,1,0,1,0,3,3,3,1,3,3,0,8,7,9,8.0,1
189,189,0,1,1,1,1,1,2,0,5,2,,1,2,0,1,1,1,1,0,0,0,1,3,1,3,1,5,3,0,8,9,10,9.0,1
190,190,1,0,0,1,1,2,3,4,4,1,,1,2,0,1,1,1,1,0,0,1,1,4,3,3,1,1,2,0,11,12,13,12.0,1
191,191,1,1,0,1,1,1,1,0,4,1,,1,2,0,1,1,1,0,0,0,1,1,5,3,3,1,1,3,0,8,8,9,8.333333333333334,1
192,192,0,1,0,1,1,1,2,0,4,3,,2,2,0,1,1,0,0,1,0,1,1,4,4,4,4,5,5,1,7,8,8,7.666666666666667,0
193,193,0,0,1,1,1,3,3,4,4,0,,1,1,0,1,0,1,0,0,0,1,1,4,3,2,3,4,5,0,8,9,10,9.0,1
194,194,0,0,0,1,1,2,3,5,5,2,,2,1,0,1,1,1,1,0,0,1,1,5,3,3,1,1,3,0,13,14,14,13.666666666666666,1
195,195,1,1,0,0,1,2,4,4,4,1,,1,2,0,1,1,1,0,0,0,1,0,4,3,2,1,1,5,0,14,15,15,14.666666666666666,1
196,196,0,1,0,1,1,4,4,4,3,2,,1,1,0,1,1,1,1,0,0,1,1,5,2,3,1,2,5,0,17,15,16,16.0,1
197,197,0,0,1,0,1,3,3,3,5,2,,3,1,0,1,0,0,0,0,0,1,1,3,3,4,3,5,3,0,9,9,10,9.333333333333334,1
198,198,1,1,0,1,1,4,4,4,3,2,,2,1,1,1,0,1,1,0,0,1,1,4,2,4,2,3,2,2,18,18,18,18.0,1
199,199,1,0,0,0,1,4,4,3,3,0,,1,2,0,1,0,0,1,0,0,1,1,4,5,2,1,2,3,0,9,9,10,9.333333333333334,1
200,200,1,0,0,1,1,4,3,1,5,2,,1,2,0,1,0,1,0,0,0,1,1,4,3,5,1,5,2,0,16,16,16,16.0,1
201,201,1,0,0,1,1,2,3,5,5,0,,1,2,0,0,0,0,0,0,0,0,1,4,4,3,1,3,4,0,8,10,10,9.333333333333334,1
202,202,1,1,0,1,1,1,1,5,5,1,,1,2,0,1,0,0,1,1,0,0,1,4,4,4,1,3,1,0,9,9,10,9.333333333333334,1
203,203,1,1,1,1,1,2,2,5,5,0,,1,1,0,1,0,1,1,0,0,1,1,5,3,2,1,2,3,1,7,6,6,6.333333333333333,0
204,204,1,0,1,1,1,2,2,4,4,0,,2,4,0,1,0,0,0,1,0,1,1,5,3,5,1,1,5,0,10,10,11,10.333333333333334,1
205,205,1,1,0,1,1,3,4,0,4,2,,1,3,1,1,0,0,1,0,0,1,0,4,4,3,3,4,5,2,10,9,9,9.333333333333334,1
206,206,1,0,0,1,0,3,1,4,5,1,,1,2,3,1,0,0,1,0,0,1,1,2,3,3,2,2,4,0,7,7,7,7.0,0
207,207,1,0,0,1,1,4,3,3,5,3,,1,2,0,1,1,0,0,0,0,1,0,1,3,2,1,1,1,0,11,12,13,12.0,1
208,208,1,0,0,1,1,1,1,0,5,2,,2,1,0,1,0,0,1,0,0,0,1,4,3,2,1,4,5,0,9,9,10,9.333333333333334,1
209,209,1,1,1,1,1,4,3,3,5,0,,2,3,0,1,0,0,0,0,0,1,0,4,4,2,1,1,4,0,7,7,7,7.0,0
210,210,1,2,0,1,1,3,3,5,5,0,,1,4,0,1,0,0,0,0,0,1,1,4,3,3,1,2,3,0,8,8,8,8.0,1
211,211,0,1,0,0,1,4,4,4,5,2,,1,2,0,1,0,0,1,0,0,1,0,5,3,5,4,5,3,1,12,12,13,12.333333333333334,1
212,212,1,0,0,1,0,2,2,5,5,0,,1,2,0,0,0,0,1,0,0,1,1,3,3,4,1,1,4,0,12,13,14,13.0,1
213,213,0,1,0,1,1,2,2,4,5,2,,1,2,1,1,0,0,0,0,0,1,1,4,4,4,2,4,5,1,6,7,8,7.0,0
214,214,1,1,1,0,1,4,4,4,5,3,,1,1,0,1,0,0,1,0,0,0,1,5,2,1,1,2,3,1,8,10,10,9.333333333333334,1
215,215,1,1,0,0,1,3,2,5,5,0,,2,2,0,1,1,0,1,0,0,1,1,4,4,4,1,3,1,0,14,15,15,14.666666666666666,1
216,216,1,1,0,1,1,4,3,5,5,0,,1,2,2,1,1,0,1,0,0,1,0,3,4,5,2,4,1,2,6,6,4,5.333333333333333,0
217,217,0,1,0,0,1,3,3,4,1,2,,1,2,1,1,0,0,1,0,0,1,1,3,2,4,2,4,4,1,6,6,8,6.666666666666667,0
218,218,1,1,0,1,1,2,3,0,5,2,,2,1,0,1,0,0,1,0,0,0,1,3,3,3,1,4,3,0,7,7,8,7.333333333333333,0
219,219,1,1,0,1,1,2,2,0,0,1,,1,3,0,1,0,0,0,0,0,1,1,4,3,3,1,1,4,0,9,10,10,9.666666666666666,1
220,220,1,1,1,1,1,2,1,0,4,0,,2,2,0,1,0,1,0,0,0,1,1,4,2,5,1,2,5,0,6,6,6,6.0,0
221,221,1,1,0,1,1,1,1,0,5,0,,1,3,1,1,0,1,0,0,0,0,0,4,3,4,1,1,5,0,6,5,0,3.6666666666666665,0
222,222,1,0,0,1,1,2,3,4,3,3,,1,2,0,0,1,1,1,0,0,1,1,2,3,1,1,1,3,0,16,16,17,16.333333333333332,1
223,223,0,1,0,1,1,2,2,5,5,2,,2,2,0,1,0,0,1,0,0,1,1,3,3,3,5,5,4,0,12,13,13,12.666666666666666,1
224,224,1,0,0,1,1,4,4,3,4,2,,1,3,0,1,0,1,0,1,0,1,1,5,3,2,1,1,5,0,13,13,14,13.333333333333334,1
225,225,1,1,1,1,1,3,1,5,5,0,,1,2,1,1,1,1,0,0,0,1,0,5,3,3,1,1,4,1,9,8,7,8.0,1
226,226,1,1,0,1,1,3,2,5,5,1,,1,2,0,1,1,1,0,1,0,1,1,5,3,4,1,3,3,0,16,15,15,15.333333333333334,1
227,227,0,1,0,0,1,2,3,4,4,0,,1,2,0,1,0,0,1,1,0,1,1,5,3,3,1,3,3,0,12,11,12,11.666666666666666,1
228,228,0,1,0,0,1,2,1,0,5,1,,4,2,0,0,0,0,0,0,0,1,0,4,3,2,4,5,3,1,10,8,9,9.0,1
229,229,1,1,0,1,0,2,1,5,5,1,,2,3,0,1,1,1,0,0,0,1,0,3,2,3,1,2,3,0,12,10,12,11.333333333333334,1
230,230,1,1,0,0,1,4,3,1,5,0,,1,2,0,1,1,1,0,0,0,1,0,3,2,3,1,2,3,1,13,13,14,13.333333333333334,1
231,231,0,1,1,1,1,2,2,5,5,1,,2,2,0,1,0,0,0,0,0,1,1,4,5,2,1,1,1,0,11,11,11,11.0,1
232,232,0,1,0,1,1,4,4,3,3,0,,1,2,0,0,0,1,0,0,0,1,0,4,5,5,1,3,2,1,11,9,9,9.666666666666666,1
233,233,0,0,0,1,1,4,4,1,5,0,,1,2,0,1,0,0,0,0,0,1,1,4,2,4,2,4,1,0,14,13,13,13.333333333333334,1
234,234,0,0,0,0,1,1,1,5,5,2,,2,2,0,1,0,0,1,0,0,1,1,3,4,2,1,1,5,1,9,7,6,7.333333333333333,0
235,235,0,0,0,1,1,3,2,0,5,0,,2,3,0,1,1,1,0,0,0,1,0,5,3,3,1,3,2,0,11,9,10,10.0,1
236,236,0,1,0,0,1,2,2,5,5,2,,1,2,0,1,1,0,0,1,0,1,0,4,4,2,5,5,4,0,14,13,13,13.333333333333334,1
237,237,1,0,0,1,1,2,1,5,5,2,,1,1,0,1,1,1,1,0,0,1,0,4,5,2,1,1,5,1,13,12,12,12.333333333333334,1
238,238,1,1,1,1,1,2,1,0,4,1,,3,2,0,1,1,1,0,0,0,0,1,2,1,1,1,1,3,0,13,11,11,11.666666666666666,1
239,239,0,1,0,1,1,2,2,5,4,0,,1,2,1,1,1,1,1,0,1,1,1,5,5,4,3,5,2,0,7,7,0,4.666666666666667,0
240,240,0,1,0,0,1,4,3,1,5,1,,2,2,0,1,1,1,0,0,0,1,0,2,5,5,1,4,5,1,12,12,12,12.0,1
241,241,0,1,1,0,0,4,4,3,5,1,,2,2,0,1,0,0,1,0,0,1,1,3,3,3,2,3,4,0,10,11,12,11.0,1
242,242,0,0,0,0,1,4,3,3,5,1,,1,1,0,1,1,1,0,1,0,1,1,5,4,5,1,1,3,0,6,0,0,2.0,0
243,243,0,0,0,1,1,4,4,4,4,1,,1,1,0,1,1,1,0,0,0,1,1,5,3,2,1,2,5,0,13,12,12,12.333333333333334,1
244,244,1,1,0,1,1,2,1,5,5,1,,2,3,0,1,0,0,1,1,0,1,0,4,4,4,1,1,3,0,7,0,0,2.3333333333333335,0
245,245,0,0,0,1,1,2,1,5,5,1,,3,1,0,1,1,1,1,0,0,1,1,4,3,3,1,1,4,0,18,18,18,18.0,1
246,246,0,1,0,1,1,2,3,5,5,1,,2,1,0,1,1,1,1,0,0,1,1,5,2,2,1,1,2,0,12,12,13,12.333333333333334,1
247,247,0,2,0,1,1,3,1,4,4,3,,1,1,3,1,1,1,1,1,1,1,0,5,4,5,5,5,1,1,6,8,8,7.333333333333333,0
248,248,0,1,1,0,1,3,3,5,4,1,,1,2,1,1,0,1,1,0,0,1,0,4,3,3,1,3,5,0,3,5,5,4.333333333333333,0
249,249,0,0,0,1,1,0,2,5,5,3,,1,1,0,1,1,0,1,1,0,1,1,4,3,2,2,4,5,0,13,15,15,14.333333333333334,1
250,250,0,1,0,1,1,3,2,4,5,1,,2,1,1,1,1,1,1,0,1,1,1,4,4,5,2,4,5,0,6,8,8,7.333333333333333,0
251,251,0,0,0,1,1,3,3,0,5,0,,3,2,0,0,0,1,1,1,0,1,1,5,3,3,1,3,2,0,7,10,10,9.0,1
252,252,0,1,0,1,1,2,1,4,4,3,,1,1,1,1,1,1,1,1,1,1,1,3,2,5,2,5,5,0,6,9,8,7.666666666666667,0
253,253,0,0,1,1,1,2,1,5,5,1,,2,1,0,1,1,1,0,1,0,0,1,3,3,2,1,3,3,0,8,9,8,8.333333333333334,1
254,254,0,1,1,1,1,2,1,5,5,1,,1,1,0,1,1,1,1,1,0,1,1,4,4,2,2,4,5,0,8,12,12,10.666666666666666,1
255,255,0,1,0,0,1,1,1,1,5,1,,2,1,1,1,0,1,0,0,0,1,1,4,4,4,1,2,5,0,7,9,8,8.0,1
256,256,1,1,0,0,1,4,2,3,4,0,,1,4,0,1,0,0,0,0,0,1,1,4,2,3,1,1,4,0,14,12,13,13.0,1
257,257,0,2,0,0,0,4,3,4,0,0,,1,2,0,1,0,1,1,0,0,1,1,4,3,1,1,1,1,1,11,11,11,11.0,1
258,258,0,1,0,1,1,2,1,5,5,2,,1,2,0,1,1,1,0,0,0,1,1,5,2,4,1,2,4,0,15,14,14,14.333333333333334,1
259,259,1,1,0,0,1,2,2,4,4,1,,1,4,0,1,1,0,0,0,0,1,0,3,4,1,1,1,2,0,10,9,0,6.333333333333333,0
260,260,1,1,0,1,1,4,3,4,5,2,,1,2,0,1,0,0,1,0,0,1,0,3,1,2,1,3,2,2,17,18,18,17.666666666666668,1
261,261,0,1,0,1,1,4,3,3,5,1,,1,2,0,1,0,0,1,1,0,1,1,4,3,2,1,1,3,0,8,8,8,8.0,1
262,262,0,1,1,1,1,3,2,5,5,1,,1,3,0,1,1,1,0,1,0,0,1,5,3,2,1,1,3,0,13,12,12,12.333333333333334,1
263,263,1,1,0,1,1,3,3,5,5,2,,1,3,0,1,1,1,0,1,0,0,1,3,2,3,1,1,4,0,10,9,9,9.333333333333334,1
264,264,1,1,0,1,1,2,2,0,4,2,,1,3,0,1,0,0,0,0,0,1,0,4,3,3,1,1,3,0,9,10,0,6.333333333333333,0
265,265,0,1,1,0,0,3,4,5,5,0,,2,2,0,1,0,0,0,0,0,1,1,4,2,5,3,4,1,1,17,17,17,17.0,1
266,266,0,1,0,1,1,3,1,4,5,3,,1,2,0,1,1,0,0,0,0,1,0,5,4,4,3,4,5,0,9,9,10,9.333333333333334,1
267,267,1,1,1,1,1,4,4,3,5,0,,2,2,0,1,1,0,0,0,0,1,1,4,3,4,2,2,4,0,12,10,11,11.0,1
268,268,0,1,0,1,1,4,2,1,5,0,,1,2,0,1,0,0,0,0,0,1,0,5,4,5,1,3,5,0,10,9,10,9.666666666666666,1
269,269,1,1,1,1,1,2,1,5,5,0,,2,2,0,1,0,1,1,0,1,1,0,4,3,5,1,2,3,0,6,0,0,2.0,0
270,270,1,2,0,1,1,3,3,5,4,2,,1,2,2,1,0,0,0,0,0,1,1,4,3,5,3,3,5,1,9,9,9,9.0,1
271,271,1,1,0,1,1,2,3,5,4,0,,1,4,0,1,0,0,0,0,0,1,0,4,5,5,1,3,2,0,15,14,14,14.333333333333334,1
272,272,1,1,0,0,1,1,1,5,5,2,,2,2,0,1,0,0,1,1,0,0,1,4,4,3,1,1,3,0,11,11,11,11.0,1
273,273,0,1,1,1,1,1,2,0,0,2,,1,2,0,1,0,0,0,1,0,0,0,3,5,2,2,2,1,0,15,14,14,14.333333333333334,1
274,274,1,1,0,1,1,2,4,0,1,0,,2,2,0,1,0,0,1,0,0,1,0,4,3,3,1,1,1,0,10,10,10,10.0,1
275,275,1,1,0,0,1,2,2,4,5,1,,2,2,0,0,0,0,1,0,0,1,0,4,4,4,2,3,5,0,12,12,12,12.0,1
276,276,1,1,1,1,0,3,2,5,4,2,,2,2,0,1,1,1,1,1,1,1,0,4,1,1,1,1,5,2,10,9,9,9.333333333333334,1
277,277,0,1,0,1,1,4,4,3,4,2,,2,1,0,1,1,0,0,0,0,1,1,3,2,4,1,4,3,2,9,9,9,9.0,1
278,278,1,1,0,1,1,4,4,1,1,0,,1,2,1,0,0,1,0,0,0,1,0,2,4,4,1,1,4,1,9,8,8,8.333333333333334,1
279,279,0,1,0,0,1,4,3,3,4,1,,2,1,0,1,1,0,0,0,0,1,1,4,2,3,1,2,1,0,10,11,10,10.333333333333334,1
280,280,0,1,0,0,0,4,1,4,5,2,,2,1,0,1,1,0,0,0,0,1,0,4,5,4,2,4,5,2,8,8,8,8.0,1
281,281,0,1,0,0,0,3,2,3,4,2,,1,1,1,1,1,1,1,0,0,1,1,4,4,4,3,4,3,1,11,9,10,10.0,1
282,282,1,1,1,0,1,1,1,0,5,0,,2,4,0,1,0,0,0,0,0,0,1,5,2,2,1,1,3,0,12,12,12,12.0,1
283,283,1,1,0,1,1,1,1,5,5,2,,2,2,0,0,1,1,0,0,0,1,1,5,4,4,1,1,4,0,8,9,10,9.0,1
284,284,1,1,0,1,1,2,2,5,5,1,,1,2,0,1,0,1,1,1,0,1,1,5,4,5,1,2,5,0,10,9,11,10.0,1
285,285,0,1,0,1,1,1,1,5,5,0,,1,2,0,1,1,0,1,1,0,1,1,4,3,3,1,2,4,0,12,10,11,11.0,1
286,286,1,1,0,1,1,2,2,0,0,3,,1,3,0,1,0,0,1,0,0,1,1,4,3,3,1,2,2,0,18,18,19,18.333333333333332,1
287,287,1,1,0,1,1,1,1,4,3,0,,1,3,0,1,0,0,1,0,0,1,1,4,3,3,1,1,3,0,13,12,12,12.333333333333334,1
288,288,0,1,0,1,1,2,1,4,4,0,,1,3,0,1,1,0,0,0,0,1,1,4,2,4,1,3,2,0,15,14,14,14.333333333333334,1
289,289,0,1,0,0,0,4,4,3,3,0,,1,2,0,1,0,0,0,0,0,1,1,5,4,3,1,1,2,0,15,13,15,14.333333333333334,1
290,290,0,1,0,1,1,4,2,3,5,2,,1,2,0,1,0,0,0,0,0,1,0,4,3,2,1,4,5,1,12,11,11,11.333333333333334,1
291,291,1,1,0,1,1,4,3,1,4,0,,1,3,0,1,0,0,1,0,0,1,1,4,2,2,1,2,3,0,15,15,15,15.0,1
292,292,1,1,0,0,1,2,1,4,0,0,,1,2,1,1,1,1,1,0,0,1,0,5,4,3,1,1,5,1,12,12,13,12.333333333333334,1
293,293,1,1,1,0,1,3,1,4,5,0,,2,4,0,1,0,0,1,0,0,0,1,3,1,2,1,1,3,0,18,18,18,18.0,1
294,294,0,1,1,0,1,3,2,4,5,0,,2,3,0,1,0,0,0,0,0,1,1,5,4,2,1,1,4,0,14,13,14,13.666666666666666,1
295,295,0,1,0,1,1,3,3,1,5,2,,1,1,0,1,0,0,1,0,0,1,1,4,4,3,1,3,5,0,14,12,11,12.333333333333334,1
296,296,1,2,0,1,1,4,4,1,5,0,,2,2,0,1,0,0,0,0,0,1,1,2,3,4,2,3,2,0,10,9,0,6.333333333333333,0
297,297,1,1,0,0,1,4,3,5,5,2,,2,2,0,1,0,0,1,0,0,1,0,4,4,5,1,2,2,0,10,8,8,8.666666666666666,1
298,298,1,1,0,1,1,4,3,5,5,0,,1,4,0,1,0,0,1,0,0,1,1,4,3,3,1,1,3,0,14,13,14,13.666666666666666,1
299,299,0,1,0,0,1,4,4,3,3,2,,1,1,0,1,0,0,1,0,0,1,0,1,4,2,2,2,1,0,16,15,16,15.666666666666666,1
300,300,1,1,0,0,0,4,4,1,5,2,,1,2,0,1,0,1,1,0,0,1,0,4,2,4,1,1,4,1,12,10,11,11.0,1
301,301,0,1,0,0,1,4,4,5,3,2,,2,1,0,1,1,0,1,0,0,1,1,4,1,1,2,2,5,0,11,11,10,10.666666666666666,1
302,302,1,1,0,1,1,4,2,5,5,0,,2,3,0,1,0,0,1,0,0,1,1,4,3,3,1,1,3,0,15,12,14,13.666666666666666,1
303,303,1,1,0,1,1,3,2,1,1,0,,1,4,0,1,0,0,0,1,0,1,1,5,2,2,1,2,5,0,17,17,18,17.333333333333332,1
304,304,0,2,0,1,1,3,3,5,5,2,,1,2,1,1,0,1,0,0,0,1,0,4,4,4,1,1,3,1,15,14,13,14.0,1
305,305,1,1,0,1,1,2,4,4,0,0,,1,2,1,1,0,0,0,0,0,1,1,4,4,3,1,1,3,0,14,12,12,12.666666666666666,1
306,306,0,2,0,1,0,3,2,4,5,1,,1,1,0,1,1,1,0,0,0,0,1,5,5,3,1,1,5,0,17,18,18,17.666666666666668,1
307,307,0,2,0,1,1,4,4,3,4,0,,2,1,1,1,0,0,1,0,0,1,0,4,3,4,1,1,4,2,8,9,8,8.333333333333334,1
308,308,0,2,1,1,1,3,3,5,4,0,,1,2,1,1,1,1,0,0,0,0,0,4,5,3,1,2,5,0,15,12,12,13.0,1
309,309,1,2,0,0,1,1,1,0,5,0,,1,2,1,0,0,1,0,1,0,1,1,4,4,3,1,3,3,1,12,10,10,10.666666666666666,1
310,310,1,2,0,0,1,1,2,4,4,2,,1,2,1,1,1,1,0,1,0,0,0,4,2,4,2,2,3,0,9,9,0,6.0,0
311,311,1,2,0,1,1,2,1,0,5,3,,3,2,0,1,0,1,1,0,1,1,0,3,4,1,1,1,2,1,14,12,13,13.0,1
312,312,0,2,0,1,1,1,2,5,4,1,,1,2,1,1,1,1,1,1,0,1,1,4,5,2,2,2,4,0,13,11,11,11.666666666666666,1
313,313,1,2,0,0,1,3,2,4,5,0,,2,2,1,1,0,0,1,1,0,1,0,4,2,2,1,2,1,2,13,10,11,11.333333333333334,1
314,314,1,2,0,1,1,1,1,0,1,2,,1,3,2,1,1,1,1,1,0,1,0,4,1,2,1,1,3,1,15,13,13,13.666666666666666,1
315,315,1,2,1,1,1,2,3,5,5,0,,1,3,1,1,1,1,1,0,0,1,0,4,1,2,1,1,3,2,13,11,11,11.666666666666666,1
316,316,1,1,0,1,1,2,1,4,5,1,,2,2,0,1,0,0,0,0,0,1,1,5,3,3,1,2,1,0,8,8,0,5.333333333333333,0
317,317,1,1,0,1,1,4,3,5,5,1,,1,3,0,1,0,0,0,0,0,1,0,4,3,4,1,1,5,0,9,10,9,9.333333333333334,1
318,318,1,1,1,1,1,3,4,0,4,1,,1,3,0,1,0,0,0,1,0,1,1,4,3,4,2,5,5,0,11,11,10,10.666666666666666,1
319,319,1,1,0,1,1,4,4,3,5,1,,1,2,0,1,0,0,1,0,0,1,1,4,4,4,3,3,5,0,11,11,11,11.0,1
320,320,1,1,0,1,0,4,3,4,4,1,,1,2,0,1,0,0,1,0,0,1,0,5,2,2,1,2,5,2,13,13,13,13.0,1
321,321,1,1,0,1,1,2,2,5,5,1,,1,2,0,1,0,1,1,0,0,0,0,4,2,2,1,1,3,1,11,9,9,9.666666666666666,1
322,322,1,1,1,0,1,2,2,4,4,1,,1,3,0,1,0,0,0,0,0,1,1,3,3,2,2,2,3,0,11,11,11,11.0,1
323,323,1,1,0,1,1,3,1,4,4,1,,1,3,0,1,0,1,1,1,0,1,1,3,4,3,2,3,5,0,12,14,15,13.666666666666666,1
324,324,1,1,0,0,1,0,2,0,0,2,,2,3,0,1,1,1,1,0,0,1,1,3,3,3,2,3,2,0,16,15,15,15.333333333333334,1
325,325,0,1,0,1,1,4,4,5,5,1,,1,3,0,1,1,1,0,0,0,1,1,4,3,3,2,2,3,0,9,12,11,10.666666666666666,1
326,326,0,1,0,1,1,3,3,5,4,0,,1,1,0,1,1,1,0,1,0,1,1,4,3,5,3,5,5,0,14,15,16,15.0,1
327,327,0,1,1,1,1,2,2,4,5,1,,4,1,0,1,0,1,1,0,0,1,1,4,4,5,5,5,4,0,11,10,10,10.333333333333334,1
328,328,1,1,0,1,1,4,4,3,4,1,,1,3,0,1,0,0,0,0,0,1,1,5,4,4,1,3,4,0,10,9,9,9.333333333333334,1
329,329,1,1,0,1,1,4,4,3,3,1,,2,3,0,1,0,0,1,1,0,1,0,4,3,3,1,2,4,0,14,14,14,14.0,1
330,330,0,1,0,0,1,2,2,5,5,1,,1,4,0,1,0,1,0,0,0,1,1,4,5,5,2,4,5,0,9,8,8,8.333333333333334,1
331,331,1,1,1,1,1,2,4,0,5,1,,1,3,0,1,0,1,1,0,0,1,0,4,4,3,1,1,5,0,12,14,14,13.333333333333334,1
332,332,1,1,0,1,1,3,3,4,4,2,,1,2,0,1,1,1,0,0,0,1,1,5,3,4,1,1,4,0,7,0,0,2.3333333333333335,0
333,333,1,1,0,0,1,2,2,5,5,2,,1,2,0,1,1,1,0,1,0,1,0,4,3,3,1,1,2,0,8,8,0,5.333333333333333,0
334,334,1,1,1,1,1,2,2,0,5,1,,2,4,0,1,1,1,0,0,0,0,1,4,4,4,1,1,4,0,10,9,0,6.333333333333333,0
335,335,1,1,0,1,1,3,4,4,5,1,,1,3,0,1,1,1,1,0,0,1,1,4,4,5,1,3,5,1,16,15,15,15.333333333333334,1
336,336,1,2,1,1,0,3,1,4,0,2,,1,3,1,1,1,0,1,0,0,0,1,5,4,3,1,2,5,1,14,13,13,13.333333333333334,1
337,337,1,1,0,1,1,3,2,5,5,2,,1,2,0,1,0,0,1,0,0,1,0,4,3,2,2,3,2,0,7,8,0,5.0,0
338,338,1,1,0,0,1,3,3,4,4,2,,1,4,0,1,0,1,1,0,0,1,1,5,3,3,1,1,1,0,16,15,17,16.0,1
339,339,1,1,1,1,0,3,2,5,5,2,,1,2,0,1,0,0,1,0,0,1,1,4,3,3,2,3,2,0,9,10,10,9.666666666666666,1
340,340,1,2,0,1,1,2,1,4,4,2,,1,3,1,1,1,0,0,0,0,1,0,4,3,4,1,3,3,0,11,12,11,11.333333333333334,1
341,341,0,1,0,1,1,4,4,3,4,2,,1,2,1,1,0,1,0,0,0,1,1,4,3,3,2,2,2,0,10,10,0,6.666666666666667,0
342,342,0,1,0,0,1,3,4,4,5,2,,1,2,0,1,1,1,0,0,0,1,0,4,3,3,1,3,5,1,16,15,15,15.333333333333334,1
343,343,1,1,0,1,0,2,2,0,0,2,,1,2,1,1,0,1,1,0,0,1,0,3,3,1,1,2,4,0,9,8,0,5.666666666666667,0
344,344,1,1,0,1,1,2,3,0,5,1,,1,3,0,1,0,1,1,0,0,1,1,4,3,3,1,2,3,0,11,10,10,10.333333333333334,1
345,345,1,1,0,1,1,3,2,5,4,3,,1,3,0,1,1,1,1,0,0,1,0,5,4,3,2,3,1,0,13,13,14,13.333333333333334,1
346,346,0,1,1,1,1,4,3,3,4,1,,1,3,0,1,1,1,1,0,0,1,0,5,3,2,1,2,4,0,16,15,16,15.666666666666666,1
347,347,0,1,0,1,1,4,3,3,5,1,,1,3,0,1,0,0,1,0,0,1,0,5,4,5,2,3,5,0,10,10,9,9.666666666666666,1
348,348,1,1,0,1,1,4,3,1,5,0,,1,3,0,1,0,0,0,0,0,1,0,4,4,3,1,3,4,0,13,15,15,14.333333333333334,1
349,349,0,1,1,1,1,3,2,5,5,1,,2,1,1,1,0,1,1,1,0,1,1,2,5,5,5,5,5,0,11,13,13,12.333333333333334,1
350,350,0,2,1,1,1,1,1,5,4,2,,3,2,3,1,1,1,1,0,0,1,1,5,4,4,3,3,2,0,8,7,8,7.666666666666667,0
351,351,0,1,0,1,1,3,3,1,5,1,,2,2,0,1,0,0,1,0,0,1,1,4,5,4,2,3,3,0,13,13,13,13.0,1
352,352,0,1,0,0,1,1,3,0,4,1,,1,1,1,1,1,1,1,0,1,1,0,4,3,3,2,3,3,0,8,7,8,7.666666666666667,0
353,353,0,2,1,1,1,1,1,5,5,2,,3,1,1,1,0,1,1,0,0,1,1,4,4,4,3,3,5,0,8,8,8,8.0,1
354,354,0,1,1,1,1,4,3,4,5,2,,2,2,0,1,0,0,0,1,0,1,0,4,5,5,1,3,2,0,13,11,11,11.666666666666666,1
355,355,1,1,0,1,1,3,3,4,4,1,,1,2,0,1,0,1,1,0,0,0,0,5,3,4,1,1,5,0,10,9,9,9.333333333333334,1
356,356,1,1,1,1,1,4,4,3,4,3,,2,2,0,1,0,0,0,0,0,1,1,4,3,3,1,2,5,0,12,13,13,12.666666666666666,1
357,357,1,1,0,0,0,3,2,4,5,0,,2,2,0,1,1,1,1,0,0,0,0,1,2,3,1,2,5,0,12,12,11,11.666666666666666,1
358,358,0,1,0,0,1,1,1,5,4,2,,2,1,0,1,1,1,1,1,0,1,0,3,3,2,1,2,3,0,10,10,10,10.0,1
359,359,1,1,0,0,1,1,1,0,4,1,,2,3,0,1,1,1,1,0,0,1,1,5,3,2,1,1,4,0,18,16,16,16.666666666666668,1
360,360,1,1,1,0,0,1,4,0,5,1,,3,2,0,1,1,1,1,0,0,0,0,4,3,4,1,4,5,0,13,13,13,13.0,1
361,361,0,1,1,0,1,1,1,0,5,3,,2,2,1,1,1,1,0,1,1,0,1,4,4,3,2,3,5,0,13,12,12,12.333333333333334,1
362,362,1,1,0,1,1,3,3,4,4,3,,2,2,0,1,0,1,1,0,0,1,0,4,3,2,1,3,3,0,11,11,10,10.666666666666666,1
363,363,1,1,0,0,1,4,4,0,0,1,,1,2,0,1,0,0,0,0,0,1,0,2,3,4,1,1,1,0,16,15,15,15.333333333333334,1
364,364,1,1,1,1,1,1,2,5,4,1,,2,2,0,1,1,1,1,1,0,0,1,3,2,2,1,2,3,0,12,11,12,11.666666666666666,1
365,365,0,1,1,1,1,1,3,0,5,1,,2,2,0,1,0,0,1,0,0,0,1,3,3,4,2,4,3,0,10,10,10,10.0,1
366,366,0,1,0,0,1,4,4,3,4,3,,2,3,0,1,1,0,1,0,0,1,0,4,2,2,2,2,5,0,13,13,13,13.0,1
367,367,1,1,1,1,1,1,1,5,4,0,,3,1,1,1,0,0,1,0,0,1,0,5,2,1,1,2,1,0,7,6,0,4.333333333333333,0
368,368,1,1,0,1,1,2,3,0,4,1,,2,1,0,1,0,0,1,0,0,1,0,5,2,3,1,2,4,0,11,10,10,10.333333333333334,1
369,369,1,1,1,1,1,4,4,5,3,3,,3,2,0,1,0,0,1,1,0,1,0,3,2,2,4,2,5,0,14,12,11,12.333333333333334,1
370,370,1,2,0,0,1,3,2,4,4,2,,2,2,2,1,1,1,0,0,0,0,0,3,2,2,1,1,3,0,7,7,9,7.666666666666667,0
371,371,0,1,1,0,1,1,2,0,4,3,,3,1,0,1,0,0,0,0,1,1,0,4,3,3,2,3,3,0,14,12,12,12.666666666666666,1
372,372,1,1,0,1,1,2,2,5,0,2,,1,3,0,1,1,1,0,0,0,0,0,3,4,3,1,1,3,0,13,11,11,11.666666666666666,1
373,373,1,1,1,1,1,1,2,5,5,1,,1,1,0,1,1,1,0,0,0,1,1,3,5,5,1,3,1,1,6,5,5,5.333333333333333,0
374,374,1,1,1,0,1,4,4,5,5,0,,2,3,0,1,1,1,1,0,0,1,1,5,4,4,1,1,1,0,19,18,19,18.666666666666668,1
375,375,1,1,1,1,1,1,1,5,5,2,,4,3,0,1,1,1,1,0,0,1,1,4,3,2,1,2,4,0,8,8,10,8.666666666666666,1
376,376,1,2,0,1,1,4,2,1,5,1,,2,3,2,1,0,0,1,1,0,1,0,5,4,3,1,1,3,0,15,14,15,14.666666666666666,1
377,377,1,1,1,0,1,4,4,3,4,1,,1,2,0,1,1,0,0,0,0,1,1,5,4,3,3,4,2,0,8,9,10,9.0,1
378,378,1,1,0,1,1,3,3,5,5,2,,1,2,0,1,1,0,1,0,0,1,0,4,1,3,1,2,1,0,15,15,15,15.0,1
379,379,1,1,1,1,1,3,1,0,5,0,,1,2,0,1,0,0,0,1,0,1,1,4,5,4,2,3,1,1,10,10,10,10.0,1
380,380,0,1,0,1,1,4,4,3,3,2,,1,2,0,1,1,0,0,1,0,1,1,3,2,4,1,4,2,0,15,14,14,14.333333333333334,1
381,381,0,1,1,1,1,2,1,5,5,3,,2,1,0,1,1,1,0,1,0,1,0,4,4,3,1,3,5,0,7,6,7,6.666666666666667,0
382,382,0,1,0,1,1,2,3,5,4,2,,2,2,0,1,1,1,0,0,0,1,1,4,4,3,1,1,3,0,11,11,10,10.666666666666666,1
383,383,0,2,1,1,1,1,1,5,4,3,,2,1,1,1,1,1,1,0,0,0,1,4,3,2,1,3,5,0,6,5,0,3.6666666666666665,0
384,384,0,1,1,1,1,4,2,5,5,2,,2,1,1,1,1,0,1,0,0,0,1,5,4,3,4,3,3,1,6,5,5,5.333333333333333,0
385,385,1,1,1,1,1,2,2,0,5,3,,2,3,0,1,1,0,1,0,0,0,1,5,3,3,1,3,4,0,10,9,10,9.666666666666666,1
386,386,1,1,1,1,1,4,4,3,0,0,,3,1,0,1,0,0,0,0,0,1,0,4,4,3,2,2,5,0,6,5,6,5.666666666666667,0
387,387,1,2,1,1,1,2,3,4,5,1,,1,3,1,1,1,1,0,1,0,1,1,5,4,2,1,2,5,0,7,5,0,4.0,0
388,388,1,1,0,0,1,3,1,3,4,1,,1,2,0,1,0,0,1,0,0,1,1,4,3,4,1,1,1,0,7,9,8,8.0,1
389,389,1,1,0,1,1,1,1,5,5,1,,2,2,1,1,1,1,0,0,0,0,1,1,1,1,1,1,5,0,6,5,0,3.6666666666666665,0
390,390,0,2,0,0,0,2,2,4,4,1,,1,2,2,1,0,0,1,0,0,0,1,5,5,4,4,5,4,1,9,9,9,9.0,1
391,391,0,1,0,0,1,3,1,4,4,1,,2,1,0,1,1,1,1,1,0,1,1,2,4,5,3,4,2,0,14,16,16,15.333333333333334,1
392,392,0,2,1,1,1,1,1,5,5,1,,1,1,3,1,1,1,1,1,0,0,1,5,5,3,3,3,3,0,10,8,7,8.333333333333334,1
393,393,0,1,1,0,1,3,2,4,5,1,,3,1,0,1,1,1,1,1,0,1,1,4,4,1,3,4,5,0,11,12,10,11.0,1
394,394,0,2,0,0,1,1,1,5,0,1,,1,1,0,1,1,1,1,0,0,1,1,3,2,3,3,3,5,0,8,9,9,8.666666666666666,1
